{
    "metadata":{
        "materials":1,
        "vertices":8,
        "faces":6,
        "type":"Geometry",
        "generator":"io_three",
        "normals":6,
        "version":3,
        "uvs":1
    },
    "materials":[{
        "opacity":1,
        "colorEmissive":[0,0,0],
        "depthWrite":true,
        "DbgIndex":0,
        "DbgColor":15658734,
        "mapDiffuse":"Pocky.png",
        "colorDiffuse":[0.64,0.64,0.64],
        "blending":1,
        "wireframe":false,
        "visible":true,
        "doubleSided":true,
        "shading":"phong",
        "mapDiffuseAnisotropy":1,
        "specularCoef":50,
        "colorSpecular":[0.5,0.5,0.5],
        "DbgName":"Material",
        "mapDiffuseWrap":["repeat","repeat"],
        "transparent":false,
        "mapDiffuseRepeat":[1,1],
        "depthTest":true
    }],
    "normals":[-0,-1,0,0,1,-0,-1,0,-0,1e-06,-1e-06,-1,1,-0,0,-1e-06,1e-06,1],
    "vertices":[1,0.286731,-2.18229,1,0.286731,2.18229,-1,0.286731,2.18229,-1,0.286731,-2.18229,1,-0.286731,-2.18229,0.999999,-0.286731,2.18229,-1,-0.286731,2.18229,-1,-0.286731,-2.18229],
    "faces":[43,0,1,2,3,0,0,1,2,3,0,0,0,0,43,4,7,6,5,0,4,5,6,7,1,1,1,1,43,0,4,5,1,0,0,8,9,1,2,2,2,2,43,1,5,6,2,0,1,10,11,2,3,3,3,3,43,2,6,7,3,0,2,6,5,3,4,4,4,4,43,4,0,3,7,0,12,0,3,13,5,5,5,5],
    "uvs":[[0.885661,0.894392,0.885661,0.12708,0.536474,0.12708,0.536474,0.894392,0.063223,0.894391,0.414089,0.894391,0.414089,0.127081,0.063223,0.127081,0.999999,0.894392,1,0.127081,0.885661,0.029802,0.536474,0.029802,0.88566,0.998406,0.536473,0.998406]]
}