{
    "metadata":{
        "version":3,
        "type":"BufferGeometry",
        "normal":265,
        "position":265,
        "generator":"io_three"
    },
    "data":{
        "groups":[{
            "materialIndex":0,
            "count":372,
            "start":0
        }],
        "index":{
            "type":"Uint16Array",
            "array":[0,1,2,3,4,5,6,7,8,9,10,11,12,13,14,15,16,17,18,19,20,21,22,23,24,25,26,27,28,29,30,31,32,33,34,35,36,37,38,39,40,41,42,43,44,45,46,47,48,49,50,51,52,53,54,55,56,57,58,59,60,61,62,63,64,65,66,67,68,69,70,71,72,73,74,75,76,77,78,79,80,81,82,83,84,85,86,87,88,89,90,91,92,93,94,95,96,97,98,99,100,101,102,103,104,105,106,107,108,109,110,111,112,113,114,115,116,15,117,16,118,119,120,121,122,123,124,125,126,127,128,129,130,131,132,133,134,135,136,137,138,139,140,141,142,143,144,145,146,147,148,149,150,151,152,153,154,155,156,157,158,159,160,161,162,163,164,165,166,167,168,169,170,171,172,173,174,175,176,177,178,179,180,181,182,183,184,185,186,187,188,189,190,191,192,192,193,190,194,195,196,196,197,92,92,198,199,200,201,202,203,204,205,206,207,90,90,208,209,209,210,211,211,212,213,213,214,91,91,215,216,217,218,219,220,221,222,222,223,190,190,193,194,194,196,190,202,201,203,224,206,90,90,209,91,211,213,91,91,225,220,220,222,91,190,196,92,92,226,90,209,211,91,91,222,190,190,92,91,227,228,229,230,231,232,233,234,235,235,236,237,237,238,239,240,241,242,101,243,244,244,245,101,246,247,99,248,249,99,99,250,251,251,252,253,253,254,255,255,256,100,100,257,258,258,259,260,260,261,233,262,263,233,233,235,101,237,264,101,101,245,246,247,248,99,99,251,100,253,255,100,100,258,233,261,262,233,235,237,101,101,246,99,251,253,100,258,260,233,233,101,100],
            "itemSize":1
        },
        "attributes":{
            "normal":{
                "type":"Float32Array",
                "array":[0.0980178,0,-0.995185,0.0980178,0,-0.995185,0.0980178,0,-0.995185,0.290285,-7.58211e-08,-0.95694,0.290285,-7.58211e-08,-0.95694,0.290285,-7.58211e-08,-0.95694,0.471397,-1.35248e-07,-0.881921,0.471397,-1.35248e-07,-0.881921,0.471397,-1.35248e-07,-0.881921,0.634393,-1.22953e-07,-0.773011,0.634393,-1.22953e-07,-0.773011,0.634393,-1.22953e-07,-0.773011,0.77301,-4.91812e-08,-0.634393,0.77301,-4.91812e-08,-0.634393,0.77301,-4.91812e-08,-0.634393,0.881921,0,-0.471397,0.881921,0,-0.471397,0.881921,0,-0.471397,0.95694,0,-0.290285,0.95694,0,-0.290285,0.95694,0,-0.290285,0.995185,-4.09844e-09,-0.0980175,0.995185,-4.09844e-09,-0.0980175,0.995185,-4.09844e-09,-0.0980175,0.995185,4.09844e-09,0.0980171,0.995185,4.09844e-09,0.0980171,0.995185,4.09844e-09,0.0980171,0.95694,1.22953e-08,0.290285,0.95694,1.22953e-08,0.290285,0.95694,1.22953e-08,0.290285,0.881921,2.04922e-08,0.471397,0.881921,2.04922e-08,0.471397,0.881921,2.04922e-08,0.471397,0.773011,2.45906e-08,0.634393,0.773011,2.45906e-08,0.634393,0.773011,2.45906e-08,0.634393,0.634393,6.14765e-08,0.773011,0.634393,6.14765e-08,0.773011,0.634393,6.14765e-08,0.773011,0.471397,6.96734e-08,0.881921,0.471397,6.96734e-08,0.881921,0.471397,6.96734e-08,0.881921,0.290284,7.5821e-08,0.95694,0.290284,7.5821e-08,0.95694,0.290284,7.5821e-08,0.95694,0.098017,7.78703e-08,0.995185,0.098017,7.78703e-08,0.995185,0.098017,7.78703e-08,0.995185,-0.0980174,7.78703e-08,0.995185,-0.0980174,7.78703e-08,0.995185,-0.0980174,7.78703e-08,0.995185,-0.290285,7.37718e-08,0.95694,-0.290285,7.37718e-08,0.95694,-0.290285,7.37718e-08,0.95694,-0.471397,6.5575e-08,0.881921,-0.471397,6.5575e-08,0.881921,-0.471397,6.5575e-08,0.881921,-0.634394,6.14765e-08,0.77301,-0.634394,6.14765e-08,0.77301,-0.634394,6.14765e-08,0.77301,-0.773011,4.91812e-08,0.634393,-0.773011,4.91812e-08,0.634393,-0.773011,4.91812e-08,0.634393,-0.881922,2.04922e-08,0.471396,-0.881922,2.04922e-08,0.471396,-0.881922,2.04922e-08,0.471396,-0.95694,1.02461e-08,0.290284,-0.95694,1.02461e-08,0.290284,-0.95694,1.02461e-08,0.290284,-0.995185,4.09843e-09,0.0980162,-0.995185,4.09843e-09,0.0980162,-0.995185,4.09843e-09,0.0980162,-0.995185,-4.09843e-09,-0.0980186,-0.995185,-4.09843e-09,-0.0980186,-0.995185,-4.09843e-09,-0.0980186,-0.95694,0,-0.290286,-0.95694,0,-0.290286,-0.95694,0,-0.290286,-0.881921,-3.68859e-08,-0.471398,-0.881921,-3.68859e-08,-0.471398,-0.881921,-3.68859e-08,-0.471398,-0.77301,0,-0.634394,-0.77301,0,-0.634394,-0.77301,0,-0.634394,-0.634393,-1.18854e-07,-0.773011,-0.634393,-1.18854e-07,-0.773011,-0.634393,-1.18854e-07,-0.773011,-0.471395,0,-0.881922,-0.471395,0,-0.881922,-0.471395,0,-0.881922,0,1,-0,0,1,-0,0,1,-0,-0.290283,-1.49593e-07,-0.956941,-0.290283,-1.49593e-07,-0.956941,-0.290283,-1.49593e-07,-0.956941,-0.098017,-7.78709e-08,-0.995185,-0.098017,-7.78709e-08,-0.995185,-0.098017,-7.78709e-08,-0.995185,0,-1,0,0,-1,0,0,-1,0,0.098017,-7.79155e-08,-0.995185,0.098017,-7.79155e-08,-0.995185,0.098017,-7.79155e-08,-0.995185,0.290284,-1.49843e-07,-0.95694,0.290284,-1.49843e-07,-0.95694,0.290284,-1.49843e-07,-0.95694,0.471397,-1.38096e-07,-0.881921,0.471397,-1.38096e-07,-0.881921,0.471397,-1.38096e-07,-0.881921,0.634394,-6.05209e-08,-0.77301,0.634394,-6.05209e-08,-0.77301,0.634394,-6.05209e-08,-0.77301,0.773011,0,-0.634393,0.773011,0,-0.634393,0.773011,0,-0.634393,0.881921,0,-0.471397,0.95694,-1.13636e-08,-0.290285,0.95694,-1.13636e-08,-0.290285,0.95694,-1.13636e-08,-0.290285,0.995185,-3.83702e-09,-0.0980175,0.995185,-3.83702e-09,-0.0980175,0.995185,-3.83702e-09,-0.0980175,0.995185,3.837e-09,0.0980171,0.995185,3.837e-09,0.0980171,0.995185,3.837e-09,0.0980171,0.95694,1.13636e-08,0.290285,0.95694,1.13636e-08,0.290285,0.95694,1.13636e-08,0.290285,0.881921,1.84534e-08,0.471397,0.881921,1.84534e-08,0.471397,0.881921,1.84534e-08,0.471397,0.77301,4.96682e-08,0.634393,0.77301,4.96682e-08,0.634393,0.77301,4.96682e-08,0.634393,0.634393,6.05209e-08,0.773011,0.634393,6.05209e-08,0.773011,0.634393,6.05209e-08,0.773011,0.471397,6.90478e-08,0.881921,0.471397,6.90478e-08,0.881921,0.471397,6.90478e-08,0.881921,0.290284,7.49213e-08,0.95694,0.290284,7.49213e-08,0.95694,0.290284,7.49213e-08,0.95694,0.098017,7.79155e-08,0.995185,0.098017,7.79155e-08,0.995185,0.098017,7.79155e-08,0.995185,-0.0980174,7.79155e-08,0.995185,-0.0980174,7.79155e-08,0.995185,-0.0980174,7.79155e-08,0.995185,-0.290285,7.49212e-08,0.95694,-0.290285,7.49212e-08,0.95694,-0.290285,7.49212e-08,0.95694,-0.471397,6.90478e-08,0.881921,-0.471397,6.90478e-08,0.881921,-0.471397,6.90478e-08,0.881921,-0.634394,6.05209e-08,0.77301,-0.634394,6.05209e-08,0.77301,-0.634394,6.05209e-08,0.77301,-0.773011,2.48341e-08,0.634393,-0.773011,2.48341e-08,0.634393,-0.773011,2.48341e-08,0.634393,-0.881922,1.84534e-08,0.471396,-0.881922,1.84534e-08,0.471396,-0.881922,1.84534e-08,0.471396,-0.95694,1.13635e-08,0.290284,-0.95694,1.13635e-08,0.290284,-0.95694,1.13635e-08,0.290284,-0.995185,3.83697e-09,0.0980162,-0.995185,3.83697e-09,0.0980162,-0.995185,3.83697e-09,0.0980162,-0.995185,0,-0.0980186,-0.995185,0,-0.0980186,-0.995185,0,-0.0980186,-0.95694,-2.27272e-08,-0.290286,-0.95694,-2.27272e-08,-0.290286,-0.95694,-2.27272e-08,-0.290286,-0.881921,0,-0.471398,-0.881921,0,-0.471398,-0.881921,0,-0.471398,-0.77301,-9.93365e-08,-0.634394,-0.77301,-9.93365e-08,-0.634394,-0.77301,-9.93365e-08,-0.634394,-0.634392,0,-0.773012,-0.634392,0,-0.773012,-0.634392,0,-0.773012,-0.471396,-1.38096e-07,-0.881922,-0.471396,-1.38096e-07,-0.881922,-0.471396,-1.38096e-07,-0.881922,0,1,0,0,1,0,0,1,0,0,1,0,0,1,0,0,1,0,0,1,0,0,1,0,0,1,0,0,1,0,0,1,0,0,1,0,0,1,0,0,1,0,0,1,0,0,1,0,0,1,0,0,1,0,0,1,0,0,1,0,0,1,0,0,1,0,0,1,0,0,1,0,0,1,0,0,1,0,0,1,0,-0,1,0,-0,1,0,-0,1,0,0,1,0,0,1,0,0,1,0,0,1,0,0,1,0,0,1,-0,0,1,0,-0.290283,-7.49213e-08,-0.956941,-0.290283,-7.49213e-08,-0.956941,-0.290283,-7.49213e-08,-0.956941,-0.0980162,0,-0.995185,-0.0980162,0,-0.995185,-0.0980162,0,-0.995185,-0,-1,0,-0,-1,0,-0,-1,0,0,-1,0,0,-1,0,0,-1,0,0,-1,0,0,-1,-0,0,-1,-0,0,-1,-0,0,-1,-0,0,-1,-0,0,-1,0,0,-1,0,0,-1,0,0,-1,0,0,-1,0,0,-1,0,0,-1,0,0,-1,0,0,-1,0,0,-1,0,0,-1,0,0,-1,0,0,-1,0,0,-1,0,0,-1,0,0,-1,0,0,-1,0,0,-1,0,0,-1,0,0,-1,0],
                "itemSize":3
            },